,actual,ensemble,xgboost,elasticnet
2024-01-29 00:00:00+01:00,71.94,67.35246935209966,65.40836,75.12889339135764
2024-01-29 01:00:00+01:00,68.76,66.36651685993871,64.149734,75.23363486732048
2024-01-29 02:00:00+01:00,69.37,66.4806157308266,64.63071,73.88024387630092
2024-01-29 03:00:00+01:00,67.09,64.87124817885767,63.732426,69.4265266914075
2024-01-29 04:00:00+01:00,66.63,62.80702621143665,61.803185,66.82239683477115
2024-01-29 05:00:00+01:00,69.37,67.96266479949229,68.329346,66.49592974086961
2024-01-29 06:00:00+01:00,78.61,83.11847902126271,81.272964,90.5005371961573
2024-01-29 07:00:00+01:00,90.77,94.94351307661064,93.966606,98.85113319311178
2024-01-29 08:00:00+01:00,95.94,123.0219512576076,126.06079,110.866592225538
2024-01-29 09:00:00+01:00,84.93,97.76003332492061,96.696846,102.01279022079449
2024-01-29 10:00:00+01:00,77.15,86.94401191257603,85.068535,94.44589727039964
2024-01-29 11:00:00+01:00,70.1,73.82003698948773,70.80105,85.89599183220429
2024-01-29 12:00:00+01:00,68.1,63.540403856265094,62.189568,68.94374138825907
2024-01-29 13:00:00+01:00,68.23,61.12559568294351,58.054996,73.40799626750076
2024-01-29 14:00:00+01:00,71.93,69.92945713554504,66.47588,83.74375555687557
2024-01-29 15:00:00+01:00,78.6,76.44726456509255,71.87211,94.7478813581776
2024-01-29 16:00:00+01:00,81.97,82.39640443098541,76.28191,106.85436331093294
2024-01-29 17:00:00+01:00,88.36,95.28801899783437,89.77147,117.35421089493356
2024-01-29 18:00:00+01:00,99.38,104.90646766586723,97.972145,132.64375800707052
2024-01-29 19:00:00+01:00,110.41,91.71348117496075,82.65725,127.9384004426748
2024-01-29 20:00:00+01:00,89.9,85.65468530785135,77.508896,118.2378354137685
2024-01-29 21:00:00+01:00,80.12,82.0718389655581,75.12165,109.87259204458738
2024-01-29 22:00:00+01:00,82.45,72.62220442588634,68.15564,90.48845590628717
2024-01-29 23:00:00+01:00,77.3,69.46096017751731,65.67456,84.60655107069202
2024-01-30 00:00:00+01:00,78.9,68.94232370328398,67.68796,73.95977983233784
2024-01-30 01:00:00+01:00,74.03,64.4501696067446,62.8875,70.70084116726785
2024-01-30 02:00:00+01:00,70.89,63.43445309190263,62.403206,67.55943815848777
2024-01-30 03:00:00+01:00,69.82,67.37144161875622,68.39597,63.27331908621279
2024-01-30 04:00:00+01:00,69.17,66.20523683688873,66.93556,63.28393183459009
2024-01-30 05:00:00+01:00,73.86,68.90930534578042,69.113304,68.09329873207594
2024-01-30 06:00:00+01:00,84.77,77.0006211289432,72.42986,95.28365755511638
2024-01-30 07:00:00+01:00,105.17,90.72044834004281,87.61111,103.15779132179608
2024-01-30 08:00:00+01:00,120.0,103.60268446928522,102.54205,107.84519419701206
2024-01-30 09:00:00+01:00,93.53,92.65126319041238,90.054085,103.03998447012827
2024-01-30 10:00:00+01:00,82.98,79.74729716164715,75.75267,95.72579321180024
2024-01-30 11:00:00+01:00,77.09,79.98665668299651,77.34808,90.54094561591029
2024-01-30 12:00:00+01:00,74.91,75.27019029507942,75.53017,74.23028497149083
2024-01-30 13:00:00+01:00,67.5,67.44245966429213,65.79452,74.03421680900951
2024-01-30 14:00:00+01:00,66.8,75.0352478681919,73.81305,79.92403063124272
2024-01-30 15:00:00+01:00,73.94,91.15444823384517,91.48158,89.84591823221412
2024-01-30 16:00:00+01:00,78.55,98.9345968317263,98.82818,99.36025527679551
2024-01-30 17:00:00+01:00,85.65,108.3709815195357,108.28048,108.73299750246366
2024-01-30 18:00:00+01:00,85.5,111.82241336518433,108.471664,125.22538622289434
2024-01-30 19:00:00+01:00,69.2,112.13395725674408,108.94127,124.90471060012669
2024-01-30 20:00:00+01:00,62.78,97.70530462501455,92.066864,120.25904418220168
2024-01-30 21:00:00+01:00,58.18,90.91068382567892,84.29234,117.38403894040628
2024-01-30 22:00:00+01:00,54.0,81.91318544161453,77.86767,98.0952469712562
2024-01-30 23:00:00+01:00,40.57,75.71664782137782,71.0476,94.39283230757272
2024-01-31 00:00:00+01:00,48.0,68.94205484985517,66.44881,78.9150433837973
2024-01-31 01:00:00+01:00,42.37,64.7778660838076,62.11347,75.43544629428209
2024-01-31 02:00:00+01:00,43.04,64.57848513002169,62.455044,73.07225047921
2024-01-31 03:00:00+01:00,43.94,56.52331520785974,52.66846,71.94272884081238
2024-01-31 04:00:00+01:00,47.63,55.27296184342849,51.21321,71.51196116416394
2024-01-31 05:00:00+01:00,56.06,63.74555852839326,61.429966,73.0079211209702
2024-01-31 06:00:00+01:00,69.2,77.55982006443028,73.20736,94.96966306629206
2024-01-31 07:00:00+01:00,86.37,90.0331563346958,86.44076,104.40272777943606
2024-01-31 08:00:00+01:00,99.76,88.9865059939443,83.53544,110.79076056054183
2024-01-31 09:00:00+01:00,92.77,86.42391198085099,80.83895,108.76373257271197
2024-01-31 10:00:00+01:00,83.71,82.12304931946592,77.45613,100.79072267154835
2024-01-31 11:00:00+01:00,75.5,83.38784634066893,80.68437,94.20172865158683
2024-01-31 12:00:00+01:00,67.6,73.91445991825948,74.22463,72.67376290916852
2024-01-31 13:00:00+01:00,57.26,72.89384779283228,73.88628,68.92413779838989
2024-01-31 14:00:00+01:00,71.2,76.97808983530777,78.853905,69.47481883596265
2024-01-31 15:00:00+01:00,87.5,77.96068172955243,78.552,75.59539702056492
2024-01-31 16:00:00+01:00,84.0,79.18424290214361,78.45976,82.082160403052
2024-01-31 17:00:00+01:00,112.62,86.66390179130929,86.05887,89.08401243555029
2024-01-31 18:00:00+01:00,113.0,94.06272263696727,92.047676,102.12288595094961
2024-01-31 19:00:00+01:00,98.03,88.01258501764606,84.47581,102.15967344028105
2024-01-31 20:00:00+01:00,90.81,83.04668870299872,80.52952,93.115371005228
2024-01-31 21:00:00+01:00,83.34,76.1555992864035,73.15393,88.16227759046478
2024-01-31 22:00:00+01:00,81.91,63.32632396990873,61.99623,68.64669553313738
2024-01-31 23:00:00+01:00,73.42,56.79918425894597,54.557655,65.76529232744468
2024-02-01 00:00:00+01:00,64.32,58.29098440763169,59.680748,52.73193009479907
2024-02-01 01:00:00+01:00,59.95,54.92826838571627,56.15155,50.03513312731184
2024-02-01 02:00:00+01:00,58.0,52.07634721396855,52.309048,51.145533829852525
2024-02-01 03:00:00+01:00,54.69,57.74766192976227,58.2413,55.773107317268405
2024-02-01 04:00:00+01:00,53.14,71.4843935173134,73.79604,62.237794002582675
2024-02-01 05:00:00+01:00,55.13,75.03423120551737,77.29348,65.99722872045797
2024-02-01 06:00:00+01:00,66.49,83.93182245193312,82.88861,88.10466127089603
2024-02-01 07:00:00+01:00,77.91,96.58427768163502,96.82581,95.61811234616334
2024-02-01 08:00:00+01:00,89.61,106.68606013082602,108.20077,100.62722295637617
2024-02-01 09:00:00+01:00,86.21,88.60544877247442,87.58929,92.67007375739159
2024-02-01 10:00:00+01:00,80.8,78.89501177940782,78.08551,82.13300643732234
2024-02-01 11:00:00+01:00,75.17,67.45769466889138,65.68817,74.53578779758186
2024-02-01 12:00:00+01:00,64.89,55.07766311471443,54.20828,58.55520094954872
2024-02-01 13:00:00+01:00,62.56,48.759978236274335,45.721085,60.91554135837361
2024-02-01 14:00:00+01:00,63.7,53.45108900969281,49.240253,70.29442362512421
2024-02-01 15:00:00+01:00,67.7,76.51397446220162,75.04943,82.37213747824441
2024-02-01 16:00:00+01:00,80.0,85.33043674429376,82.325264,97.35111255447666
2024-02-01 17:00:00+01:00,88.47,104.50955747473428,102.240875,113.58427876771435
2024-02-01 18:00:00+01:00,99.97,118.03603682291296,115.61078,127.7370612507953
2024-02-01 19:00:00+01:00,82.0,98.38876460209156,92.99989,119.94423499776248
2024-02-01 20:00:00+01:00,73.3,93.83993675973835,89.280624,112.077186240098
2024-02-01 21:00:00+01:00,70.0,91.19804862453842,87.167915,107.31855885755536
2024-02-01 22:00:00+01:00,63.15,84.5980533022256,84.87897,83.47438974110847
2024-02-01 23:00:00+01:00,54.84,75.74771182974835,76.08214,74.41000308795076
2024-02-02 00:00:00+01:00,49.68,74.37995892161031,77.64556,61.317538290912886
2024-02-02 01:00:00+01:00,43.08,70.33082780786006,74.95424,51.83718728759132
2024-02-02 02:00:00+01:00,34.9,67.9549485658695,73.483604,45.84032129004085
2024-02-02 03:00:00+01:00,14.0,61.67025301023747,66.437035,42.60312662345295
2024-02-02 04:00:00+01:00,10.98,59.821778266860925,64.44386,41.333432044753835
2024-02-02 05:00:00+01:00,11.4,61.10025084151705,65.357635,44.07070458600322
2024-02-02 06:00:00+01:00,16.48,69.23501081784903,69.71292,67.32337333362987
2024-02-02 07:00:00+01:00,36.43,76.02813493527155,76.12245,75.65087136214876
2024-02-02 08:00:00+01:00,46.91,87.60645664536572,89.35204,80.62410299001223
2024-02-02 09:00:00+01:00,67.48,82.0402949578661,83.071945,77.91368639821718
2024-02-02 10:00:00+01:00,66.0,72.82204734871593,73.18927,71.35314522136281
2024-02-02 11:00:00+01:00,58.02,68.75352104008707,69.71923,64.89067114892165
2024-02-02 12:00:00+01:00,51.0,57.754358677087026,59.702003,49.96377184002496
2024-02-02 13:00:00+01:00,47.9,56.470315257121406,57.563316,52.09829946065586
2024-02-02 14:00:00+01:00,42.53,60.5754624343661,61.34514,57.49675797261177
2024-02-02 15:00:00+01:00,44.71,72.24249294158138,74.22068,64.32973994594398
2024-02-02 16:00:00+01:00,50.58,81.20718265539233,83.67744,71.32617359190303
2024-02-02 17:00:00+01:00,67.4,90.55643822215279,92.527824,82.67087824455302
2024-02-02 18:00:00+01:00,106.0,106.7644996543265,107.71184,102.97513956801917
2024-02-02 19:00:00+01:00,96.0,95.27607542311996,95.65079,93.77722770153731
2024-02-02 20:00:00+01:00,72.45,84.5353330268072,83.81387,87.42115671118442
2024-02-02 21:00:00+01:00,63.1,77.5521431275603,76.78543,80.61899200498902
2024-02-02 22:00:00+01:00,51.41,59.199401442423174,58.761433,60.95126899190102
2024-02-02 23:00:00+01:00,40.0,44.078451638322974,41.27568,55.2895283942516
2024-02-03 00:00:00+01:00,42.5,39.77309897525685,35.888687,55.3107406190821
2024-02-03 01:00:00+01:00,32.22,35.518879131646585,31.712425,50.74469663784716
2024-02-03 02:00:00+01:00,6.9,27.431365577396434,22.43521,47.41598888246558
2024-02-03 03:00:00+01:00,0.72,29.314004561413185,25.654325,43.95272086614795
2024-02-03 04:00:00+01:00,0.0,26.45377501611363,22.280779,43.14575954101736
2024-02-03 05:00:00+01:00,0.0,28.207915568654265,24.148874,44.44408071192366
2024-02-03 06:00:00+01:00,0.0,36.813831405561785,29.518465,65.99529304465463
2024-02-03 07:00:00+01:00,4.4,44.86427053733077,38.31501,71.06131240345071
2024-02-03 08:00:00+01:00,11.88,60.426037006988224,56.28673,76.98326196975556
2024-02-03 09:00:00+01:00,27.5,60.20716884855954,55.782936,77.90409222863754
2024-02-03 10:00:00+01:00,40.0,48.34809345917042,41.93496,74.00061820527594
2024-02-03 11:00:00+01:00,26.67,43.4983069676145,37.588196,67.13875163494751
2024-02-03 12:00:00+01:00,19.79,40.59303554023267,37.95834,51.131815121817645
2024-02-03 13:00:00+01:00,5.07,40.100976680610586,36.906178,52.880171412696484
2024-02-03 14:00:00+01:00,14.0,41.84660954038119,37.892296,57.663862444947924
2024-02-03 15:00:00+01:00,31.68,47.898715712802044,43.7437,64.51877463944969
2024-02-03 16:00:00+01:00,41.2,54.53759186477956,50.227158,71.77931750871223
2024-02-03 17:00:00+01:00,63.5,69.76476932735723,66.86307,81.37156849957911
2024-02-03 18:00:00+01:00,85.81,107.40211774715523,109.072685,100.71984776897929
2024-02-03 19:00:00+01:00,70.9,94.9701145318518,94.47157,96.96425826716914
2024-02-03 20:00:00+01:00,53.6,78.01770988091361,74.70708,91.26023366970476
2024-02-03 21:00:00+01:00,54.89,69.75922448591143,65.715065,85.93586241979155
2024-02-03 22:00:00+01:00,49.74,60.37021243068579,59.05281,65.6398194776477
2024-02-03 23:00:00+01:00,34.98,55.05295574844388,53.851162,59.860134729768205
2024-02-04 00:00:00+01:00,1.63,81.22075671825382,85.020294,66.02260683345658
2024-02-04 01:00:00+01:00,0.1,75.48530099237914,79.098755,61.03148924534299
2024-02-04 02:00:00+01:00,0.1,68.5848021875393,70.99971,58.92515916157341
2024-02-04 03:00:00+01:00,0.22,64.57621382350214,66.84671,55.49423211189544
2024-02-04 04:00:00+01:00,0.08,56.189271636676914,56.840183,53.585613707066216
2024-02-04 05:00:00+01:00,1.65,55.49487910371152,55.99559,53.49202323462204
2024-02-04 06:00:00+01:00,41.23,74.81294729958562,76.04312,69.89223970227376
2024-02-04 07:00:00+01:00,85.0,99.5794745090217,106.98619,69.95261699090926
2024-02-04 08:00:00+01:00,106.6,101.86177892183503,109.46031,71.46763179179231
2024-02-04 09:00:00+01:00,78.7,90.8270179775109,95.358696,72.70030595200768
2024-02-04 10:00:00+01:00,55.2,92.11415042082164,97.39201,71.00269027549494
2024-02-04 11:00:00+01:00,44.89,82.4847785340907,85.751724,69.4169956977972
2024-02-04 12:00:00+01:00,34.8,71.54809703034864,75.89987,54.14099403235844
2024-02-04 13:00:00+01:00,45.5,67.32087504955577,70.71042,53.76269281369681
2024-02-04 14:00:00+01:00,54.0,71.9416217909267,75.43662,57.961607032026066
2024-02-04 15:00:00+01:00,55.79,69.8488278231984,71.13748,64.69421617287679
2024-02-04 16:00:00+01:00,65.0,80.83246392572114,83.5868,69.81512877167214
2024-02-04 17:00:00+01:00,86.21,104.93795735004898,112.028,76.57779486792063
2024-02-04 18:00:00+01:00,97.55,113.91280808820363,118.85579,94.14087607334235
2024-02-04 19:00:00+01:00,80.1,98.93138271236542,101.60357,88.24261455059661
2024-02-04 20:00:00+01:00,69.96,72.52929209823483,70.33293,81.31473060225817
2024-02-04 21:00:00+01:00,59.91,60.84688942353747,57.222435,75.34469568336118
2024-02-04 22:00:00+01:00,56.04,47.522732937363706,45.511856,55.566240370412274
2024-02-04 23:00:00+01:00,47.41,36.95425853508931,33.719204,49.89447878689673
2024-02-05 00:00:00+01:00,35.46,29.714393686298852,23.806646,53.345384950659295
2024-02-05 01:00:00+01:00,28.2,28.490100219921928,23.43998,48.69058288671901
2024-02-05 02:00:00+01:00,10.0,27.47936411927023,23.60583,42.97349791873885
2024-02-05 03:00:00+01:00,4.98,26.044657800034575,22.419374,40.54579304375197
2024-02-05 04:00:00+01:00,3.11,26.58667752600192,23.072496,40.64339625122542
2024-02-05 05:00:00+01:00,20.09,45.39286577705572,46.06775,42.69333660622585
2024-02-05 06:00:00+01:00,50.0,64.16776769225203,63.640175,66.27813899836954
2024-02-05 07:00:00+01:00,69.22,94.95040886846448,100.1157,74.28924527005674
2024-02-05 08:00:00+01:00,88.2,108.75726424905776,115.90907,80.15003737077704
2024-02-05 09:00:00+01:00,87.3,91.19678659661649,93.609184,81.54717303435197
2024-02-05 10:00:00+01:00,87.1,80.29524796075279,80.39295,79.90443194243585
2024-02-05 11:00:00+01:00,76.5,71.83739140581801,70.896965,75.59910073636547
2024-02-05 12:00:00+01:00,64.9,63.35916178544902,64.29218,59.62707723779196
2024-02-05 13:00:00+01:00,59.94,67.44165648879333,69.267395,60.13869473644711
2024-02-05 14:00:00+01:00,63.86,75.2658429932372,77.15853,67.69508639562935
2024-02-05 15:00:00+01:00,63.9,84.18316973579797,85.09442,80.53815550272036
2024-02-05 16:00:00+01:00,64.7,96.34891799541383,98.19332,88.97130506495974
2024-02-05 17:00:00+01:00,80.0,117.16940423769131,121.65246,99.2371807953901
2024-02-05 18:00:00+01:00,99.26,113.11562950456397,112.58075,115.25515710533935
2024-02-05 19:00:00+01:00,94.89,103.2941944306156,101.69578,109.68786821020693
2024-02-05 20:00:00+01:00,71.0,92.34007691825761,89.90462,102.08189246482317
2024-02-05 21:00:00+01:00,62.62,84.89060555548875,81.499725,98.45411115146713
2024-02-05 22:00:00+01:00,57.11,75.52171277112924,74.729004,78.69254823064625
2024-02-05 23:00:00+01:00,53.3,61.81658574736927,59.248306,72.08969219509828
2024-02-06 00:00:00+01:00,41.17,40.118403520889686,34.935394,60.85043473396502
2024-02-06 01:00:00+01:00,44.8,33.853952258793576,28.119497,56.791772097190545
2024-02-06 02:00:00+01:00,49.9,35.12785100358113,30.372091,54.1508841225199
2024-02-06 03:00:00+01:00,60.98,33.700670680946445,29.128534,51.98921422931716
2024-02-06 04:00:00+01:00,61.0,35.092344792869866,31.105812,51.038477580682326
2024-02-06 05:00:00+01:00,65.6,34.92352559829389,30.642334,52.04828633192358
2024-02-06 06:00:00+01:00,75.9,59.89424193689868,54.822643,80.18062893498167
2024-02-06 07:00:00+01:00,88.6,90.12404657304975,89.59432,92.24292878810034
2024-02-06 08:00:00+01:00,94.9,113.43523267193207,117.39804,97.58399264432832
2024-02-06 09:00:00+01:00,96.9,97.68968995086928,99.03686,92.30102696381906
2024-02-06 10:00:00+01:00,81.88,85.16410042667684,84.8628,86.36928448201697
2024-02-06 11:00:00+01:00,78.66,71.12248321050207,68.44358,81.83809735744195
2024-02-06 12:00:00+01:00,75.0,65.19400652053702,64.60282,67.5587395728999
2024-02-06 13:00:00+01:00,73.8,68.56451871839829,67.19125,74.05758275825117
2024-02-06 14:00:00+01:00,75.38,70.26487360462124,68.45607,77.50007679385814
2024-02-06 15:00:00+01:00,85.3,77.05575966475615,75.5372,83.12999842754053
2024-02-06 16:00:00+01:00,93.03,82.84163218453764,81.32904,88.89199881331324
2024-02-06 17:00:00+01:00,119.64,96.51885198695496,96.60556,96.17202635323181
2024-02-06 18:00:00+01:00,135.8,108.26927282909566,107.168884,112.6708270361033
2024-02-06 19:00:00+01:00,110.32,104.6636551006226,103.24659,110.33190160174581
2024-02-06 20:00:00+01:00,98.0,86.69369660542935,82.62728,102.95933538310379
2024-02-06 21:00:00+01:00,83.56,82.48043805309524,78.41566,98.73956590634532
2024-02-06 22:00:00+01:00,79.01,77.18036420400384,75.61846,83.42797076977502
2024-02-06 23:00:00+01:00,79.21,70.9808540929214,68.440994,81.14028959912852
2024-02-07 00:00:00+01:00,73.7,62.82103506931266,60.01729,74.03601488513752
2024-02-07 01:00:00+01:00,73.2,61.32069839012344,58.51637,72.53801648675002
2024-02-07 02:00:00+01:00,72.15,59.29024564740292,57.110123,68.01073369966109
2024-02-07 03:00:00+01:00,68.63,59.491641381470146,57.981667,65.53153683288784
2024-02-07 04:00:00+01:00,66.69,54.64309907037222,51.67862,66.50101781279861
2024-02-07 05:00:00+01:00,71.71,60.495815146645775,57.112213,74.03022700886365
2024-02-07 06:00:00+01:00,82.06,73.77010194835044,66.675766,102.14743814751395
2024-02-07 07:00:00+01:00,104.49,88.23067147340994,82.15324,112.54041943980359
2024-02-07 08:00:00+01:00,131.91,98.63847835050404,93.14519,120.61163461140693
2024-02-07 09:00:00+01:00,112.37,92.65898843400906,86.412865,117.64346817102185
2024-02-07 10:00:00+01:00,98.02,89.4845761210706,83.40356,113.80864568103658
2024-02-07 11:00:00+01:00,89.55,83.19198685130084,77.012505,107.90991213126003
2024-02-07 12:00:00+01:00,84.01,60.24978272002711,53.719303,86.37168963162972
2024-02-07 13:00:00+01:00,85.52,57.27266852051365,50.62202,83.87526353152333
2024-02-07 14:00:00+01:00,83.32,67.56960090892966,61.648544,91.25382348385725
2024-02-07 15:00:00+01:00,84.0,70.36935779418546,62.748177,100.8540712280074
2024-02-07 16:00:00+01:00,76.81,83.98821072895205,77.443665,110.16638781224073
2024-02-07 17:00:00+01:00,77.2,103.67026517286621,99.38487,120.81184374763181
2024-02-07 18:00:00+01:00,84.0,130.04347591223623,127.94013,138.45685862612257
2024-02-07 19:00:00+01:00,81.5,121.53545612210168,118.84347,132.30340213150447
2024-02-07 20:00:00+01:00,77.57,101.46431787367155,95.86723,123.85265626288901
2024-02-07 21:00:00+01:00,75.0,95.20135607823903,89.66311,117.35432220027717
2024-02-07 22:00:00+01:00,70.82,86.1910469897735,83.779854,95.83579677748075
2024-02-07 23:00:00+01:00,61.64,85.76663869218747,85.09442,88.4555002846678
2024-02-08 00:00:00+01:00,60.36,82.72408906564395,84.9872,73.67163856552442
2024-02-08 01:00:00+01:00,52.16,76.40318732724256,78.14205,69.4477298491034
2024-02-08 02:00:00+01:00,47.15,72.19528230170324,73.2962,67.79159705539121
2024-02-08 03:00:00+01:00,42.1,67.73305891005727,67.73247,67.73542394481757
2024-02-08 04:00:00+01:00,41.3,66.101935764048,65.872795,67.01848695622627
2024-02-08 05:00:00+01:00,44.88,70.15085363573372,70.46674,68.88729811641277
2024-02-08 06:00:00+01:00,52.88,83.5879050011272,81.613556,91.48528611403442
2024-02-08 07:00:00+01:00,63.7,86.76021354975576,83.98617,97.85639611791945
2024-02-08 08:00:00+01:00,67.89,94.11292177850817,92.45027,100.7635072079705
2024-02-08 09:00:00+01:00,67.83,87.43290541579199,85.08719,96.81574930796387
2024-02-08 10:00:00+01:00,68.82,83.55886761562454,82.06115,89.54974731884536
2024-02-08 11:00:00+01:00,67.61,83.02644108316252,81.909836,87.49285452469937
2024-02-08 12:00:00+01:00,64.55,72.82520737175886,72.98963,72.16751406216346
2024-02-08 13:00:00+01:00,63.7,73.18360429108793,73.632065,71.38976599279313
2024-02-08 14:00:00+01:00,68.68,72.8496556068786,72.55178,74.04115904635587
2024-02-08 15:00:00+01:00,75.46,78.18455651970181,78.07545,78.62099426843092
2024-02-08 16:00:00+01:00,82.38,84.61635011220056,85.539894,80.92217414498715
2024-02-08 17:00:00+01:00,92.49,94.43778260111236,95.52222,90.10002292987822
2024-02-08 18:00:00+01:00,94.29,108.35032812780534,109.27078,104.66851075621418
2024-02-08 19:00:00+01:00,87.1,91.8331718660636,90.87865,95.65126429857968
2024-02-08 20:00:00+01:00,80.54,85.82039443577894,84.86409,89.64560468621892
2024-02-08 21:00:00+01:00,75.22,82.17816549447103,81.36656,85.42455702557783
2024-02-08 22:00:00+01:00,74.91,75.04303645735845,76.557594,68.9848089042239
2024-02-08 23:00:00+01:00,70.94,74.51941838959107,76.77373,65.50217465059205
2024-02-09 00:00:00+01:00,63.1,71.9533015592908,75.59866,57.37185066144416
2024-02-09 01:00:00+01:00,64.08,69.01576532723615,73.23019,52.158084601268655
2024-02-09 02:00:00+01:00,64.4,67.99558237614586,72.70051,49.175871780631624
2024-02-09 03:00:00+01:00,64.39,65.37806777052968,70.265205,45.82950969005078
2024-02-09 04:00:00+01:00,64.41,63.05385879946838,67.709015,44.43322679763487
2024-02-09 05:00:00+01:00,65.82,64.96480751292832,69.67921,46.10720635736621
2024-02-09 06:00:00+01:00,70.91,67.47634270682413,67.17678,68.67459073138625
2024-02-09 07:00:00+01:00,74.86,76.57183890157826,76.45052,77.05709718733468
2024-02-09 08:00:00+01:00,77.7,80.90368257728866,80.54266,82.34773570138475
2024-02-09 09:00:00+01:00,80.38,80.02569746203287,80.50603,78.10437079405108
2024-02-09 10:00:00+01:00,75.4,77.13923778133007,78.33474,72.35722253702144
2024-02-09 11:00:00+01:00,70.42,71.71105451652582,72.74888,67.55975103721894
2024-02-09 12:00:00+01:00,68.5,61.93047726274242,65.22294,48.76062453392694
2024-02-09 13:00:00+01:00,66.72,62.27835874144005,64.993805,51.41657016594049
2024-02-09 14:00:00+01:00,69.53,67.90376939907648,70.90699,55.89087916090975
2024-02-09 15:00:00+01:00,77.17,71.78670832547441,74.01855,62.85934195085834
2024-02-09 16:00:00+01:00,85.05,75.31473461837085,76.17333,71.88033660503784
2024-02-09 17:00:00+01:00,89.9,82.54063852458721,83.07564,80.40064135340481
2024-02-09 18:00:00+01:00,113.6,97.4351089165429,97.15879,98.54036697040983
2024-02-09 19:00:00+01:00,89.0,93.15847162696166,92.774216,94.69548008305044
2024-02-09 20:00:00+01:00,74.4,86.6078511071031,85.609795,90.60006180992954
2024-02-09 21:00:00+01:00,70.0,82.75178090481437,81.77473,86.65998179457965
2024-02-09 22:00:00+01:00,77.21,75.70414449144226,78.29943,65.32299525384217
2024-02-09 23:00:00+01:00,64.32,72.47883656289967,75.41462,60.73570503129523
2024-02-10 00:00:00+01:00,68.8,61.728365734705946,61.80519,61.42106451337346
2024-02-10 01:00:00+01:00,59.3,59.95574019234603,60.977295,55.869513644835614
2024-02-10 02:00:00+01:00,52.6,56.386451846787345,57.860085,50.49192491386836
2024-02-10 03:00:00+01:00,46.83,53.1226698587923,55.19068,44.850619649186115
2024-02-10 04:00:00+01:00,46.51,51.307084607414254,53.144978,43.95550512935641
2024-02-10 05:00:00+01:00,46.25,49.442340130333534,50.555676,44.98899099590595
2024-02-10 06:00:00+01:00,56.4,56.92706193716727,54.3428,67.26411293901015
2024-02-10 07:00:00+01:00,63.03,62.96725884813431,59.774796,75.73711592646254
2024-02-10 08:00:00+01:00,71.0,60.43792032884775,55.659637,79.55105183955128
2024-02-10 09:00:00+01:00,66.1,59.722669758242716,54.3156,81.35094721040305
2024-02-10 10:00:00+01:00,68.4,57.10574470977558,50.8954,81.94712335966892
2024-02-10 11:00:00+01:00,65.46,54.26815503274821,48.31076,78.09772935685629
2024-02-10 12:00:00+01:00,64.34,44.55386151327146,40.146717,62.18243546552719
2024-02-10 13:00:00+01:00,63.38,43.82288149327105,38.25866,66.07976810783472
2024-02-10 14:00:00+01:00,64.06,45.077846195610036,38.72054,70.50707651332851
2024-02-10 15:00:00+01:00,68.22,46.07208366590406,37.94756,78.57018090276247
2024-02-10 16:00:00+01:00,72.24,55.54760821092489,47.83702,86.3899461144389
2024-02-10 17:00:00+01:00,79.72,73.17207060855623,67.65783,95.22903971880655
2024-02-10 18:00:00+01:00,112.0,98.99253270562255,95.058395,114.7290896145385
2024-02-10 19:00:00+01:00,96.8,84.57923624308422,78.78608,107.7518521443762
2024-02-10 20:00:00+01:00,77.03,68.67363630702373,61.09277,98.99709159981589
2024-02-10 21:00:00+01:00,70.72,62.274848702782144,54.711212,92.52939106640095
2024-02-10 22:00:00+01:00,68.39,57.9146315026061,54.36476,72.11410828817696
2024-02-10 23:00:00+01:00,64.01,45.61183906983188,40.672405,65.36956674808519
2024-02-11 00:00:00+01:00,64.35,57.436105545137295,53.476624,73.2740297703642
2024-02-11 01:00:00+01:00,61.65,53.563618015157665,49.863823,68.36279069834691
2024-02-11 02:00:00+01:00,60.73,50.968360393768954,48.41977,61.16271719101273
2024-02-11 03:00:00+01:00,59.47,48.86516606082207,47.013046,56.27363380142479
2024-02-11 04:00:00+01:00,59.21,47.12568482227837,45.522163,53.53976291754422
2024-02-11 05:00:00+01:00,65.0,52.39600140083957,52.375954,52.4761846775377
2024-02-11 06:00:00+01:00,76.0,76.43913216133237,77.51556,72.13342402077319
2024-02-11 07:00:00+01:00,85.41,90.31521603797438,94.082405,75.24646745793834
2024-02-11 08:00:00+01:00,104.0,100.21912939295281,105.45468,79.27691374943203
2024-02-11 09:00:00+01:00,96.5,90.30154438813541,91.75631,84.48246101538408
2024-02-11 10:00:00+01:00,85.47,83.20248559540984,81.92658,88.30609100195151
2024-02-11 11:00:00+01:00,79.09,82.65574168562529,82.0563,85.05349633095844
2024-02-11 12:00:00+01:00,67.42,73.43400223334012,74.63943,68.61229098237442
2024-02-11 13:00:00+01:00,63.86,69.79273446376634,70.45715,67.13505903758167
2024-02-11 14:00:00+01:00,64.13,78.8310661761671,80.0037,74.1405298554449
2024-02-11 15:00:00+01:00,66.65,83.9380361038875,84.46751,81.8201548846719
2024-02-11 16:00:00+01:00,77.1,89.52871160016515,89.67661,88.93708369662654
2024-02-11 17:00:00+01:00,90.69,104.29379511827347,105.76315,98.41634039849623
2024-02-11 18:00:00+01:00,96.0,115.71944498200524,114.31058,121.35490771031917
2024-02-11 19:00:00+01:00,89.08,108.83271110559174,107.68084,113.44017448547822
2024-02-11 20:00:00+01:00,79.15,89.63307458044618,86.002365,104.15589719422304
2024-02-11 21:00:00+01:00,71.54,86.06739749063198,82.265366,101.27551742142163
2024-02-11 22:00:00+01:00,65.87,73.76083185902792,71.544304,82.62694371896767
2024-02-11 23:00:00+01:00,61.9,70.79908234664785,69.425514,76.29334721907912
2024-02-12 00:00:00+01:00,68.59,65.09273947371008,62.413628,75.80917542641177
2024-02-12 01:00:00+01:00,65.37,63.41847618887107,61.548805,70.89715999708972
2024-02-12 02:00:00+01:00,63.41,61.172164750195044,59.91654,66.1946669821764
2024-02-12 03:00:00+01:00,60.49,60.59553429027049,59.763493,63.92369729974115
2024-02-12 04:00:00+01:00,60.06,61.80290740494035,61.445408,63.23290555497519
2024-02-12 05:00:00+01:00,63.59,62.860750439922384,62.956066,62.47948767324475
2024-02-12 06:00:00+01:00,70.7,78.60524857548688,75.50286,91.01479115624298
2024-02-12 07:00:00+01:00,82.32,90.92543260479209,87.494934,104.64741906644095
2024-02-12 08:00:00+01:00,89.1,111.51613553984122,111.48447,111.6427962294795
2024-02-12 09:00:00+01:00,75.12,93.84956632429314,91.6321,102.71939686804772
2024-02-12 10:00:00+01:00,69.21,87.85193493006943,86.17262,94.56916103950729
2024-02-12 11:00:00+01:00,63.87,79.67439115948935,77.05138,90.16644661165573
2024-02-12 12:00:00+01:00,60.53,58.020964904900715,54.579082,71.78849838314615
2024-02-12 13:00:00+01:00,60.26,48.151021049968364,42.286366,71.60963558431446
2024-02-12 14:00:00+01:00,63.1,56.64368298342389,51.557716,76.98754562390658
2024-02-12 15:00:00+01:00,70.7,65.7848922219518,62.100338,80.52310536635079
2024-02-12 16:00:00+01:00,77.92,78.3576981258198,74.401184,94.18375811567124
2024-02-12 17:00:00+01:00,91.79,92.60177090757603,88.21882,110.13356462088797
2024-02-12 18:00:00+01:00,99.2,106.28006643969039,99.346954,134.012522445034
2024-02-12 19:00:00+01:00,91.13,98.8328140513659,91.889,126.60807050097011
2024-02-12 20:00:00+01:00,78.2,89.40598416729193,81.90684,119.40254809476046
2024-02-12 21:00:00+01:00,72.18,83.50517210649879,75.7568,114.49866937038456
2024-02-12 22:00:00+01:00,68.53,73.8008565248191,68.67699,94.29633584675176
2024-02-12 23:00:00+01:00,64.78,68.58715864472238,63.23012,90.01529914402205
2024-02-13 00:00:00+01:00,60.63,68.9233629297775,65.751686,81.61007026412186
2024-02-13 01:00:00+01:00,59.34,66.87144315147066,65.159805,73.71798693655253
2024-02-13 02:00:00+01:00,55.76,65.5532999098027,65.579895,65.44691565619127
2024-02-13 03:00:00+01:00,54.79,65.67254443182965,66.68173,61.63578963351349
2024-02-13 04:00:00+01:00,55.06,66.28476518356275,67.99673,59.43692177352667
2024-02-13 05:00:00+01:00,58.5,68.83290407162718,70.49743,62.17479333787227
2024-02-13 06:00:00+01:00,63.52,81.16287021450815,79.67604,87.1101846601872
2024-02-13 07:00:00+01:00,72.98,93.72465134704112,93.53059,94.50090413510796
2024-02-13 08:00:00+01:00,79.89,106.02357783176339,107.540054,99.95767187366069
2024-02-13 09:00:00+01:00,69.65,90.6407247186476,90.15661,92.5771740082771
2024-02-13 10:00:00+01:00,63.86,77.0129125836113,75.847084,81.67621529232404
2024-02-13 11:00:00+01:00,63.29,69.01711678698635,67.00156,77.07935453429694
2024-02-13 12:00:00+01:00,62.16,60.109871458556086,60.15566,59.9267224050851
2024-02-13 13:00:00+01:00,61.91,62.2519214471585,62.09553,62.87747756660304
2024-02-13 14:00:00+01:00,67.29,68.02106352673717,67.42301,70.41325907045339
2024-02-13 15:00:00+01:00,70.69,76.49689658874348,74.65542,83.86280935973303
2024-02-13 16:00:00+01:00,75.99,90.04673929794428,88.12761,97.72324421921358
2024-02-13 17:00:00+01:00,81.65,104.79927051202283,103.50268,109.98561800200865
2024-02-13 18:00:00+01:00,87.67,114.32085990210939,111.329025,126.28817554814457
2024-02-13 19:00:00+01:00,84.58,101.91864799375361,97.00561,121.57081717824072
2024-02-13 20:00:00+01:00,76.6,89.94484521316483,84.157585,113.09386260146869
2024-02-13 21:00:00+01:00,69.71,86.20058349271346,81.15295,106.39113920429
2024-02-13 22:00:00+01:00,68.2,76.87280910719778,75.03265,84.23343030161386
2024-02-13 23:00:00+01:00,63.8,75.00232550617935,74.27283,77.92031512244944
2024-02-14 00:00:00+01:00,61.67,65.07486118355239,65.515945,63.31051655008615
2024-02-14 01:00:00+01:00,60.55,58.92006437702716,58.857506,59.1702910623819
2024-02-14 02:00:00+01:00,59.41,52.306302735969,51.195717,56.74864624820435
2024-02-14 03:00:00+01:00,58.33,48.055417780497564,45.992867,56.30562665273194
2024-02-14 04:00:00+01:00,59.63,47.90694003169346,45.82694,56.2269380124712
2024-02-14 05:00:00+01:00,63.43,50.82573548992231,48.852657,58.718044362453355
2024-02-14 06:00:00+01:00,70.14,66.47879058663165,62.524895,82.29437026103905
2024-02-14 07:00:00+01:00,79.8,82.06372466958031,80.04808,90.12628631176871
2024-02-14 08:00:00+01:00,82.06,89.44097601264286,88.13653,94.65876037327293
2024-02-14 09:00:00+01:00,77.84,85.81272574103357,83.92941,93.34596970858587
2024-02-14 10:00:00+01:00,73.51,82.10412568796617,80.49328,88.54751442615897
2024-02-14 11:00:00+01:00,68.51,76.08012432098526,73.45804,86.5684720993111
2024-02-14 12:00:00+01:00,64.8,68.11012439074054,67.15075,71.94762131283358
2024-02-14 13:00:00+01:00,63.85,66.83359280799478,65.2087,73.33315569036448
2024-02-14 14:00:00+01:00,66.84,70.69133180744954,69.42407,75.76037378944496
2024-02-14 15:00:00+01:00,71.27,77.24862833268088,76.360245,80.80216265949818
2024-02-14 16:00:00+01:00,74.11,81.76798677643664,80.53899,86.68398142856991
2024-02-14 17:00:00+01:00,82.44,100.37821518728003,101.40918,96.2543648157947
2024-02-14 18:00:00+01:00,84.54,116.26391017879126,117.22951,112.40151347940557
2024-02-14 19:00:00+01:00,75.13,103.20319251602659,102.82262,104.72548864214465
2024-02-14 20:00:00+01:00,69.56,87.30889787681599,84.95616,96.71985101738073
2024-02-14 21:00:00+01:00,62.68,81.63993997635069,79.612915,89.74802828141164
2024-02-14 22:00:00+01:00,62.66,70.02262873626978,70.0838,69.77792715913206
2024-02-14 23:00:00+01:00,58.64,67.37861862455244,67.22488,67.99357606343604
2024-02-15 00:00:00+01:00,51.76,58.922315622507405,59.581104,56.28716481297647
2024-02-15 01:00:00+01:00,51.08,59.13694084124109,60.112778,55.23359718105897
2024-02-15 02:00:00+01:00,49.92,56.28535756209507,56.84313,54.054274993092534
2024-02-15 03:00:00+01:00,48.81,53.48796947825956,54.167164,50.77118436639546
2024-02-15 04:00:00+01:00,51.38,55.94670475434704,57.119778,51.2544054245672
2024-02-15 05:00:00+01:00,52.2,59.70970964693123,61.49841,52.55491496439246
2024-02-15 06:00:00+01:00,57.5,73.25605316593148,73.307434,73.05053331622966
2024-02-15 07:00:00+01:00,68.88,84.05321187051499,84.72434,81.36869759720382
2024-02-15 08:00:00+01:00,70.5,101.01832271601108,104.359825,87.65230541355149
2024-02-15 09:00:00+01:00,68.0,88.02349832853027,89.20016,83.31684009235835
2024-02-15 10:00:00+01:00,61.2,74.36444708525661,72.77845,80.70843919215217
2024-02-15 11:00:00+01:00,68.8,71.90198967913066,70.69286,76.73849453823145
2024-02-15 12:00:00+01:00,65.0,59.313692719203885,59.16047,59.92657974592175
2024-02-15 13:00:00+01:00,61.2,56.78222666335148,55.437332,62.1618085181734
2024-02-15 14:00:00+01:00,63.04,62.8206530197641,62.583336,63.769917778263874
2024-02-15 15:00:00+01:00,64.96,67.89019912771414,67.35319,70.03824920912734
2024-02-15 16:00:00+01:00,70.0,77.99147238958643,77.9448,78.17814899627203
2024-02-15 17:00:00+01:00,72.06,86.23232985287757,86.48627,85.21655801682925
2024-02-15 18:00:00+01:00,79.73,94.48210365618598,92.795944,101.22674142546117
2024-02-15 19:00:00+01:00,80.75,88.6842396434159,86.6185,96.94719919364204
2024-02-15 20:00:00+01:00,74.53,80.10330749936199,77.558235,90.28359300828451
2024-02-15 21:00:00+01:00,70.0,75.92013747305761,73.82106,84.31643519854
2024-02-15 22:00:00+01:00,70.0,68.63110164859091,69.703384,64.34197445999558
2024-02-15 23:00:00+01:00,65.7,64.60546615641857,66.127655,58.51669922081354
2024-02-16 00:00:00+01:00,68.5,58.140668485113785,60.22371,49.80850981448495
2024-02-16 01:00:00+01:00,62.64,57.668357964980146,60.365517,46.87971173041832
2024-02-16 02:00:00+01:00,68.0,56.12041982221995,58.73955,45.64388911964467
2024-02-16 03:00:00+01:00,64.9,54.12720014684889,56.682533,43.90586386290657
2024-02-16 04:00:00+01:00,64.89,54.37865115757618,57.241035,42.929117756875044
2024-02-16 05:00:00+01:00,73.28,57.15829752254087,60.586918,43.443808474520765
2024-02-16 06:00:00+01:00,60.6,63.84916831871836,63.826168,63.941161722986344
2024-02-16 07:00:00+01:00,68.7,69.90449201102689,70.162155,68.87382800557388
2024-02-16 08:00:00+01:00,75.3,75.06886012733641,76.68872,68.58940638009024
2024-02-16 09:00:00+01:00,84.52,67.3224746231467,67.15336,67.99893927784291
2024-02-16 10:00:00+01:00,67.0,62.03371067483238,59.580784,71.84541799818533
2024-02-16 11:00:00+01:00,60.83,62.354240937431165,59.902794,72.16001770595466
2024-02-16 12:00:00+01:00,58.24,55.6366787619527,54.238834,61.22805628534943
2024-02-16 13:00:00+01:00,55.25,54.41717624508079,52.948143,60.29329775982778
2024-02-16 14:00:00+01:00,59.1,57.15265260301412,56.03434,61.625899581232716
2024-02-16 15:00:00+01:00,67.07,63.28723790430333,62.406246,66.81119333621393
2024-02-16 16:00:00+01:00,70.8,67.96164422143437,67.04621,71.62336850707419
2024-02-16 17:00:00+01:00,85.01,78.76835400028642,78.43429,80.10460645773094
2024-02-16 18:00:00+01:00,105.68,87.29030184797963,85.018234,96.3785722281794
2024-02-16 19:00:00+01:00,89.51,84.91913279798948,82.69831,93.80239769356069
2024-02-16 20:00:00+01:00,80.15,78.15052476087735,75.34799,89.36065984564648
2024-02-16 21:00:00+01:00,74.16,73.73579203235806,71.02765,84.56835682927077
2024-02-16 22:00:00+01:00,72.06,68.20501133449415,68.79232,65.85577948130864
2024-02-16 23:00:00+01:00,69.11,61.56712985664546,61.578796,61.52045610695775
2024-02-17 00:00:00+01:00,62.13,57.7184776438573,56.93326,60.859329289843124
2024-02-17 01:00:00+01:00,54.81,54.20956640093153,52.90057,59.44554471217718
2024-02-17 02:00:00+01:00,51.4,55.17998232457698,54.34912,58.50342343318766
2024-02-17 03:00:00+01:00,50.22,52.54061160628311,51.615894,56.23947313151321
2024-02-17 04:00:00+01:00,50.0,50.36966204415327,48.87568,56.34559034161595
2024-02-17 05:00:00+01:00,48.47,62.21350279449283,63.368286,57.59436562651688
2024-02-17 06:00:00+01:00,46.02,54.313888197308785,48.14049,79.00747122946386
2024-02-17 07:00:00+01:00,48.97,62.04312679036133,56.35651,84.78958948769532
2024-02-17 08:00:00+01:00,47.28,66.87167851826587,61.745724,87.37549387917113
2024-02-17 09:00:00+01:00,43.03,62.420566386749464,56.13479,87.56366643692114
2024-02-17 10:00:00+01:00,40.45,57.22212507892654,51.086067,81.7663527811073
2024-02-17 11:00:00+01:00,41.0,53.03428388743434,46.592888,78.79986410880255
2024-02-17 12:00:00+01:00,50.0,47.25993786716687,43.778503,61.1856680345648
2024-02-17 13:00:00+01:00,50.17,42.46394124346816,37.344757,62.940672174982424
2024-02-17 14:00:00+01:00,64.6,45.14459366591534,39.68069,67.00020526805326
2024-02-17 15:00:00+01:00,66.93,46.359830006574086,39.669113,73.12269739615166
2024-02-17 16:00:00+01:00,62.87,51.50129740328978,44.291355,80.34105504013056
2024-02-17 17:00:00+01:00,72.0,63.93560345238376,58.20052,86.87593138545395
2024-02-17 18:00:00+01:00,84.1,101.4849881240656,100.414925,105.76524213399985
2024-02-17 19:00:00+01:00,70.59,80.93504483724757,76.5542,98.4584311259351
2024-02-17 20:00:00+01:00,64.71,72.25180806213872,67.87075,89.7760386017092
2024-02-17 21:00:00+01:00,59.83,66.96208097288955,62.71086,83.96695622553175
2024-02-17 22:00:00+01:00,57.33,61.806411375509555,60.768806,65.95681960337785
2024-02-17 23:00:00+01:00,53.94,54.42581042854194,53.061443,59.8832826419773
2024-02-18 00:00:00+01:00,44.0,61.66007515899814,60.494534,66.32224545441453
2024-02-18 01:00:00+01:00,48.32,58.47519020919293,58.377003,58.86793636700957
2024-02-18 02:00:00+01:00,46.46,54.73060866315099,54.745842,54.66967921053033
2024-02-18 03:00:00+01:00,43.91,55.455999222445435,56.664715,50.62113685929749
2024-02-18 04:00:00+01:00,44.92,51.696151322539144,52.51044,48.43898567763712
2024-02-18 05:00:00+01:00,51.57,52.16009394033255,53.033047,48.668282812014326
2024-02-18 06:00:00+01:00,68.63,54.13156842804202,51.02326,66.56480548859878
2024-02-18 07:00:00+01:00,79.12,67.25820401333671,66.35756,70.86077943558003
2024-02-18 08:00:00+01:00,83.87,78.12173632288203,79.000145,74.60810559512302
2024-02-18 09:00:00+01:00,75.06,78.93463034281359,79.685875,75.92965577290582
2024-02-18 10:00:00+01:00,70.88,71.18540470265364,70.2542,74.91019688362954
2024-02-18 11:00:00+01:00,69.22,70.96288193069458,69.927444,75.10463182144164
2024-02-18 12:00:00+01:00,62.47,70.82413983637892,72.71885,63.245302453379
2024-02-18 13:00:00+01:00,59.97,77.67292607024004,80.23342,67.43094504846582
2024-02-18 14:00:00+01:00,64.18,83.54139962232796,87.03087,69.583523990546
2024-02-18 15:00:00+01:00,66.8,89.95968528968126,93.965195,73.93764001041804
2024-02-18 16:00:00+01:00,69.86,96.75243975567099,100.763565,80.70792326565964
2024-02-18 17:00:00+01:00,76.15,109.66200419801106,114.01109,92.26563317267245
2024-02-18 18:00:00+01:00,99.89,120.63494942935492,122.69478,112.39563337724337
2024-02-18 19:00:00+01:00,80.02,110.14070925622191,111.47263,104.81300520444941
2024-02-18 20:00:00+01:00,71.92,97.97896323639108,98.18619,97.1500652053929
2024-02-18 21:00:00+01:00,67.49,92.5536294353713,92.1937,93.99331349765731
2024-02-18 22:00:00+01:00,66.27,73.20309012015352,72.90498,74.3955203334336
2024-02-18 23:00:00+01:00,59.07,64.11953658324583,62.5286,70.48328014523304
2024-02-19 00:00:00+01:00,58.06,51.509552270426404,45.272247,76.45876065022773
2024-02-19 01:00:00+01:00,54.32,61.036263086224665,57.752174,74.17261410666045
2024-02-19 02:00:00+01:00,53.96,60.60086377856474,57.620773,72.52122563110493
2024-02-19 03:00:00+01:00,56.0,62.204796154674234,59.680588,72.30161825506063
2024-02-19 04:00:00+01:00,53.0,66.81245820229914,65.25205,73.05408559767731
2024-02-19 05:00:00+01:00,54.81,72.22997341870165,71.42144,75.46409896606684
2024-02-19 06:00:00+01:00,71.05,90.77140760534816,89.35216,96.44840002625249
2024-02-19 07:00:00+01:00,86.07,101.73031894182829,101.87101,101.16754014371173
2024-02-19 08:00:00+01:00,89.63,112.50501564859657,114.298904,105.32945293780703
2024-02-19 09:00:00+01:00,78.77,96.62457487651314,96.231766,98.1958113942844
2024-02-19 10:00:00+01:00,69.85,87.55873764181722,86.80062,90.59119644883216
2024-02-19 11:00:00+01:00,60.92,83.2619542279432,82.21112,87.46528108844652
2024-02-19 12:00:00+01:00,53.52,77.82139109659644,78.511894,75.05937094929084
2024-02-19 13:00:00+01:00,51.51,80.71045966546035,81.03579,79.40911748013377
2024-02-19 14:00:00+01:00,51.86,87.15491610335451,88.26705,82.7063813590577
2024-02-19 15:00:00+01:00,55.89,90.29320286953777,91.29085,86.30263086380211
2024-02-19 16:00:00+01:00,62.28,92.34387228609329,92.35013,92.31884110575939
2024-02-19 17:00:00+01:00,68.98,104.56912507623828,104.872696,103.35484931917965
2024-02-19 18:00:00+01:00,70.86,116.65225395612677,115.31749,121.9913189139346
2024-02-19 19:00:00+01:00,70.76,104.78868400294374,101.30627,118.71835287604685
2024-02-19 20:00:00+01:00,67.76,97.73840528675055,93.61919,114.21528845767855
2024-02-19 21:00:00+01:00,57.0,92.78226990572011,88.49087,109.9478790696162
2024-02-19 22:00:00+01:00,48.44,84.74278618330861,83.0127,91.66311151957039
2024-02-19 23:00:00+01:00,49.61,81.65338132277854,79.980675,88.3442114539806
2024-02-20 00:00:00+01:00,48.58,75.61057992904607,73.8052,82.83210496749595
2024-02-20 01:00:00+01:00,46.91,74.05787174969997,72.655075,79.66905082613657
2024-02-20 02:00:00+01:00,46.86,74.64432424641369,73.78429,78.08446379188288
2024-02-20 03:00:00+01:00,44.8,73.262045825095,72.82912,74.9937580256215
2024-02-20 04:00:00+01:00,45.43,69.84064330315718,68.32571,75.90039440274882
2024-02-20 05:00:00+01:00,50.06,73.92194926000842,72.788795,78.45456060057917
2024-02-20 06:00:00+01:00,65.01,87.61024226252995,83.95968,102.2124738248568
2024-02-20 07:00:00+01:00,79.7,104.94629816428117,104.30402,107.51538059191365
2024-02-20 08:00:00+01:00,84.05,102.94499866579548,101.684875,107.98549137585238
2024-02-20 09:00:00+01:00,69.65,90.14132004662936,88.162346,98.05721668822493
2024-02-20 10:00:00+01:00,64.1,81.91311838261346,79.8125,90.3155804689755
2024-02-20 11:00:00+01:00,60.39,74.54804641784104,72.24939,83.74267731015242
2024-02-20 12:00:00+01:00,53.01,60.99222102155352,61.225025,60.060992955668
2024-02-20 13:00:00+01:00,51.21,59.587910783087885,60.428886,56.22400826114254
2024-02-20 14:00:00+01:00,53.76,62.49832837955162,62.283936,63.35589971025809
2024-02-20 15:00:00+01:00,64.71,68.46712910045284,67.09388,73.96011525934425
2024-02-20 16:00:00+01:00,67.1,80.46452068433975,79.20139,85.5170309119331
2024-02-20 17:00:00+01:00,68.31,90.32394664867233,89.17283,94.92841091670148
2024-02-20 18:00:00+01:00,68.38,106.14510449267729,104.90796,111.0936788964919
2024-02-20 19:00:00+01:00,61.6,90.05362035620966,86.021164,106.18343838993502
2024-02-20 20:00:00+01:00,52.52,84.1639312846436,80.2632,99.7668381248781
2024-02-20 21:00:00+01:00,46.31,71.58494506655475,65.96616,94.0600746064554
2024-02-20 22:00:00+01:00,42.04,61.05315605346263,57.57243,74.97605400998893
2024-02-20 23:00:00+01:00,35.57,53.20141463446741,48.931896,70.27947688937806
2024-02-21 00:00:00+01:00,30.87,41.480201443662466,37.025288,59.29985861296565
2024-02-21 01:00:00+01:00,27.42,48.60316419957238,46.235954,58.07199241509825
2024-02-21 02:00:00+01:00,27.5,48.89471265094747,47.03307,56.341277182959985
2024-02-21 03:00:00+01:00,29.44,51.803948511235255,50.852386,55.610185213646965
2024-02-21 04:00:00+01:00,35.51,54.65266465666826,53.801834,58.05597541346823
2024-02-21 05:00:00+01:00,46.72,65.1598262631977,65.80134,62.59377471808813
2024-02-21 06:00:00+01:00,64.26,80.35135793854963,78.79464,86.57822371374418
2024-02-21 07:00:00+01:00,75.0,94.4290283907157,95.33499,90.8051532450824
2024-02-21 08:00:00+01:00,81.91,96.66070966808414,97.49733,93.3142294927644
2024-02-21 09:00:00+01:00,74.0,87.54451407189185,87.77485,86.62317460750613
2024-02-21 10:00:00+01:00,69.44,78.64744248226901,77.99865,81.24260257858141
2024-02-21 11:00:00+01:00,67.46,66.92756032703214,64.69133,75.87248562563921
2024-02-21 12:00:00+01:00,66.9,56.42078126545289,55.647865,59.512448960321066
2024-02-21 13:00:00+01:00,66.69,53.78320245492917,52.566044,58.651825415514956
2024-02-21 14:00:00+01:00,63.49,57.22846277457916,56.002716,62.131445800386025
2024-02-21 15:00:00+01:00,63.1,63.631361584238135,62.592636,67.78626730229418
2024-02-21 16:00:00+01:00,60.93,68.46717839787394,66.63835,75.78249004234817
2024-02-21 17:00:00+01:00,61.76,79.22479608985542,78.75283,81.11265079839818
2024-02-21 18:00:00+01:00,59.95,79.40932896367337,75.95269,93.2358766909255
2024-02-21 19:00:00+01:00,60.4,79.3303023229865,76.2981,91.45909828485433
2024-02-21 20:00:00+01:00,47.92,66.54315555901789,61.42073,87.03285161711091
2024-02-21 21:00:00+01:00,43.81,60.054739971117264,54.69704,81.48553380944374
2024-02-21 22:00:00+01:00,34.9,52.40439501584685,50.11458,61.56365827625573
2024-02-21 23:00:00+01:00,20.1,43.10018389463276,39.358456,58.067094933979206
2024-02-22 00:00:00+01:00,9.28,35.28010776470857,32.591583,46.03420390838171
2024-02-22 01:00:00+01:00,1.5,32.53014606856503,29.296242,45.46575757976363
2024-02-22 02:00:00+01:00,1.19,30.848783593760533,26.952442,46.434145477347585
2024-02-22 03:00:00+01:00,0.1,37.68979373796656,35.06936,48.171535294447054
2024-02-22 04:00:00+01:00,0.4,51.68042897535119,52.212383,49.552600351609456
2024-02-22 05:00:00+01:00,1.13,56.092544279050095,56.87594,52.95896391844383
2024-02-22 06:00:00+01:00,39.96,71.4413158623797,69.99403,77.23044024329495
2024-02-22 07:00:00+01:00,57.96,84.36456005779091,85.00505,81.80258239344674
2024-02-22 08:00:00+01:00,60.8,86.51637192823893,87.56901,82.30582814705399
2024-02-22 09:00:00+01:00,53.54,78.97244305434494,79.17578,78.1590864570274
2024-02-22 10:00:00+01:00,47.1,69.78856893932615,69.58924,70.58587295590809
2024-02-22 11:00:00+01:00,42.04,65.31171553929411,65.43571,64.81573788323816
2024-02-22 12:00:00+01:00,37.27,58.937812018896715,60.486057,52.744823339112486
2024-02-22 13:00:00+01:00,32.9,60.9654565179913,62.973995,52.931301754995566
2024-02-22 14:00:00+01:00,38.0,65.52241868458745,67.75233,56.60278174691188
2024-02-22 15:00:00+01:00,49.64,63.99517609705076,64.237,63.027886253076055
2024-02-22 16:00:00+01:00,63.21,65.87286669769709,65.456116,67.53985915376863
2024-02-22 17:00:00+01:00,73.7,73.61820685839021,73.912575,72.4407237755936
2024-02-22 18:00:00+01:00,86.44,78.71593890321152,77.58301,83.24766326605763
2024-02-22 19:00:00+01:00,84.01,72.03919314943963,70.38917,78.63928316052821
2024-02-22 20:00:00+01:00,72.97,65.34451670130623,63.421024,73.03848240179485
2024-02-22 21:00:00+01:00,69.26,57.002779344796494,54.242256,68.04486443638481
2024-02-22 22:00:00+01:00,67.98,48.51382452379231,48.080326,50.24782211236973
2024-02-22 23:00:00+01:00,65.1,35.76651874208687,32.82215,47.54398897410624
2024-02-23 00:00:00+01:00,66.47,31.228092218909946,30.425455,34.438638813665946
2024-02-23 01:00:00+01:00,63.9,29.26983750841333,28.74607,31.364904094801034
2024-02-23 02:00:00+01:00,59.5,28.24177249890502,27.817352,29.93945522218624
2024-02-23 03:00:00+01:00,55.2,25.078314897896764,24.0018,29.384370433697683
2024-02-23 04:00:00+01:00,55.39,25.447361424785967,24.036152,31.092197672635898
2024-02-23 05:00:00+01:00,57.1,26.94690849881362,25.200838,33.93118632341381
2024-02-23 06:00:00+01:00,61.67,44.21500037957124,40.917583,57.40467185024876
2024-02-23 07:00:00+01:00,66.11,59.69061289498357,58.957577,62.62275746808194
2024-02-23 08:00:00+01:00,64.4,65.34173505275594,65.58721,64.35983264293009
2024-02-23 09:00:00+01:00,57.6,57.11048504878395,56.43321,59.81958375222054
2024-02-23 10:00:00+01:00,49.19,54.0501653521432,53.71746,55.38098423141915
2024-02-23 11:00:00+01:00,45.81,53.5531924919811,53.026333,55.66063103900707
2024-02-23 12:00:00+01:00,40.32,50.454008172825944,52.73132,41.344766968866054
2024-02-23 13:00:00+01:00,32.22,50.09927058867303,52.40197,40.88846567529873
2024-02-23 14:00:00+01:00,37.6,54.998156950018824,57.36103,45.54666243564098
2024-02-23 15:00:00+01:00,45.0,61.021131058877316,64.28897,47.94976006123228
2024-02-23 16:00:00+01:00,55.96,69.59690370994336,72.91711,56.31608440665042
2024-02-23 17:00:00+01:00,72.96,78.97887821860527,81.49375,68.9193926189053
2024-02-23 18:00:00+01:00,81.95,85.7428459913433,84.384445,91.17642630681415
2024-02-23 19:00:00+01:00,74.13,90.49507732819751,89.752754,93.46434690710085
2024-02-23 20:00:00+01:00,65.17,81.50997304305773,79.37697,90.04198786543512
2024-02-23 21:00:00+01:00,59.94,79.21975820987615,77.33058,86.77645294513266
2024-02-23 22:00:00+01:00,64.02,73.69064237101686,75.38927,66.89614779868782
2024-02-23 23:00:00+01:00,63.51,70.6265350007915,72.2716,64.04627592558838
2024-02-24 00:00:00+01:00,56.57,62.63346200284947,62.806747,61.940312638759075
2024-02-24 01:00:00+01:00,55.44,57.57923792429134,57.967712,56.02532856798992
2024-02-24 02:00:00+01:00,55.44,58.99287470580387,60.569927,52.68465322262285
2024-02-24 03:00:00+01:00,54.95,59.00228360921641,61.15304,50.399239243591815
2024-02-24 04:00:00+01:00,55.25,56.98835979602156,59.023598,48.84740048157266
2024-02-24 05:00:00+01:00,55.07,54.05454470808178,54.19897,53.47684036169795
2024-02-24 06:00:00+01:00,58.6,57.66625999103258,52.911816,76.68403738192072
2024-02-24 07:00:00+01:00,59.92,57.96486222660647,51.699955,83.0244797426515
2024-02-24 08:00:00+01:00,75.0,57.047583226835236,50.204857,84.41848101454727
2024-02-24 09:00:00+01:00,71.5,51.04490586069055,43.81001,79.98448947801329
2024-02-24 10:00:00+01:00,56.68,45.12363968359177,38.784492,70.48023035460434
2024-02-24 11:00:00+01:00,54.64,40.23942942140075,33.417,67.52914402472837
2024-02-24 12:00:00+01:00,50.0,31.92844653864153,27.190567,50.87995890475551
2024-02-24 13:00:00+01:00,46.03,10.089872629592179,0.09846887,50.055487645910965
2024-02-24 14:00:00+01:00,49.84,40.97570065688198,38.918205,49.20567651744214
2024-02-24 15:00:00+01:00,55.0,40.79254980338325,37.190083,55.20242072406959
2024-02-24 16:00:00+01:00,68.9,48.6204388497804,43.845894,67.71860736535706
2024-02-24 17:00:00+01:00,85.69,67.83865414422495,64.53858,81.03893569915208
2024-02-24 18:00:00+01:00,93.88,98.09225142478718,96.51422,104.40435709952186
2024-02-24 19:00:00+01:00,79.0,84.61998742343262,80.564316,100.84266630417481
2024-02-24 20:00:00+01:00,69.96,75.89142514598433,70.8289,96.14150530755835
2024-02-24 21:00:00+01:00,65.82,72.08105625100458,67.30559,91.18292636610687
2024-02-24 22:00:00+01:00,65.23,67.87093865945975,66.33602,74.01060760393938
2024-02-24 23:00:00+01:00,58.38,64.41652323633429,62.810253,70.84159979373196
2024-02-25 00:00:00+01:00,57.83,73.53146091199224,72.57733,77.34797075869167
2024-02-25 01:00:00+01:00,56.82,70.99751233421233,70.223885,74.09202334098349
2024-02-25 02:00:00+01:00,55.67,69.74016123454258,69.25838,71.66728642783988
2024-02-25 03:00:00+01:00,51.8,68.50838189867046,68.50898,68.50597885980739
2024-02-25 04:00:00+01:00,53.24,67.81075757897162,67.7755,67.95179814876437
2024-02-25 05:00:00+01:00,57.92,69.11179556144988,69.14524,68.97801467248378
2024-02-25 06:00:00+01:00,68.44,89.85367117220397,90.10233,88.85900069744565
2024-02-25 07:00:00+01:00,79.54,112.16194259905996,117.41876,91.13464890838569
2024-02-25 08:00:00+01:00,81.6,107.5319206991205,111.42291,91.96796073437204
2024-02-25 09:00:00+01:00,73.83,92.52074822017933,93.651276,87.99863856183411
2024-02-25 10:00:00+01:00,66.65,77.6408946765287,76.904495,80.5864847962177
2024-02-25 11:00:00+01:00,65.03,70.1772798149158,68.339294,77.5292175255068
2024-02-25 12:00:00+01:00,58.42,66.66540422822192,67.250404,64.32540370946893
2024-02-25 13:00:00+01:00,58.19,71.04497366772976,72.69475,64.44586901003555
2024-02-25 14:00:00+01:00,61.29,71.05981471857564,71.32239,70.0095189969309
2024-02-25 15:00:00+01:00,64.95,71.14317728786135,69.55307,77.50360616586923
2024-02-25 16:00:00+01:00,69.92,72.8974365608936,69.944984,84.70723361623558
2024-02-25 17:00:00+01:00,77.0,99.0939210877305,98.96932,99.59230136150404
2024-02-25 18:00:00+01:00,85.32,106.63626759701557,104.13607,116.63703409103488
2024-02-25 19:00:00+01:00,81.0,94.37170721991019,91.09503,107.47838625824234
2024-02-25 20:00:00+01:00,72.21,85.15315662481933,81.92303,98.07367496979978
2024-02-25 21:00:00+01:00,65.69,80.12683240179517,77.41395,90.97836214325318
2024-02-25 22:00:00+01:00,65.21,72.59272286423331,72.895836,71.38026700060988
2024-02-25 23:00:00+01:00,60.76,68.35995011192448,68.77268,66.7090179851595
2024-02-26 00:00:00+01:00,57.62,61.77792511703412,60.313393,67.63605884322726
2024-02-26 01:00:00+01:00,57.55,58.417431677068,57.123833,63.59182757479313
2024-02-26 02:00:00+01:00,57.35,57.927675308960914,57.45525,59.81738121399404
2024-02-26 03:00:00+01:00,56.87,58.65485390125648,59.072437,56.984520360774574
2024-02-26 04:00:00+01:00,57.35,57.70017363922835,57.968613,56.626421327245296
2024-02-26 05:00:00+01:00,62.75,63.86102040322198,65.34784,57.91374840893215
2024-02-26 06:00:00+01:00,73.32,83.61081989413141,84.44017,80.29340305952421
2024-02-26 07:00:00+01:00,92.87,96.87857621900214,100.18531,83.65164726932709
2024-02-26 08:00:00+01:00,95.22,97.1772004321876,99.25554,88.86383114043018
2024-02-26 09:00:00+01:00,80.81,87.54094259443488,87.54584,87.52134047461578
2024-02-26 10:00:00+01:00,68.71,78.36680565713301,76.94927,84.03693966261821
2024-02-26 11:00:00+01:00,61.0,69.17485213894665,65.829575,82.55595091079769
2024-02-26 12:00:00+01:00,55.49,57.83897203224613,55.569065,66.91859215585957
2024-02-26 13:00:00+01:00,55.58,57.81816319044767,55.307095,67.86242621224811
2024-02-26 14:00:00+01:00,56.0,67.3037914037537,66.152115,71.91049754611228
2024-02-26 15:00:00+01:00,59.9,71.7021381724855,70.71475,75.65167062927324
2024-02-26 16:00:00+01:00,66.5,77.43628877673567,76.28991,82.02179880311189
2024-02-26 17:00:00+01:00,93.95,98.4400314125079,100.18995,91.44034566117232
2024-02-26 18:00:00+01:00,110.18,113.63884605535551,114.20711,111.36580773039084
2024-02-26 19:00:00+01:00,105.17,100.3044591581021,98.69661,106.73584254344021
2024-02-26 20:00:00+01:00,84.36,91.35201055480718,88.67643,102.05431852110623
2024-02-26 21:00:00+01:00,72.5,86.71868786275212,83.695145,98.8128607004793
2024-02-26 22:00:00+01:00,70.3,76.93066869093045,75.690216,81.89247538214242
2024-02-26 23:00:00+01:00,64.97,71.78811332264713,70.0048,78.92135961250324
2024-02-27 00:00:00+01:00,60.36,65.60138847770826,62.71203,77.15882074547484
2024-02-27 01:00:00+01:00,59.4,65.6333546174511,63.0367,76.0199568335934
2024-02-27 02:00:00+01:00,61.34,66.83386422775732,64.71593,75.30560501329826
2024-02-27 03:00:00+01:00,63.46,65.40716362271802,63.036694,74.88904000690063
2024-02-27 04:00:00+01:00,63.74,69.2704270006728,67.32554,77.04997664765109
2024-02-27 05:00:00+01:00,67.46,73.7007964637105,71.791954,81.33616615644311
2024-02-27 06:00:00+01:00,74.08,85.1946524897725,79.73022,107.0523830848488
2024-02-27 07:00:00+01:00,97.07,103.79089061278601,100.99544,114.97271020504337
2024-02-27 08:00:00+01:00,104.49,102.48438350849379,99.05698,116.19400463963694
2024-02-27 09:00:00+01:00,85.46,91.15872120115583,87.30254,106.58343907462677
2024-02-27 10:00:00+01:00,73.99,72.94141070550336,66.48424,98.7701066586203
2024-02-27 11:00:00+01:00,67.55,63.63128488959273,55.765778,95.0933179110984
2024-02-27 12:00:00+01:00,63.1,54.681294818277365,49.040405,77.24484155354503
2024-02-27 13:00:00+01:00,57.9,62.76349095788464,58.2232,80.92463633849546
2024-02-27 14:00:00+01:00,58.5,64.86253541796893,59.835136,84.97212380615326
2024-02-27 15:00:00+01:00,60.0,68.64764084414186,62.657898,92.60660479443975
2024-02-27 16:00:00+01:00,72.46,82.1340979844638,76.23067,105.74781383589328
2024-02-27 17:00:00+01:00,70.0,104.30538486037138,100.349,120.13093583750143
2024-02-27 18:00:00+01:00,89.8,115.79847690418818,110.209885,138.15284594672215
2024-02-27 19:00:00+01:00,78.18,115.23120542152452,109.692154,137.38741138496633
2024-02-27 20:00:00+01:00,65.55,100.23313954966834,92.6745,130.4676844426776
2024-02-27 21:00:00+01:00,62.69,89.2544600888838,81.23328,121.3391720874854
2024-02-27 22:00:00+01:00,64.08,80.00732320875065,75.37537,98.53515120000327
2024-02-27 23:00:00+01:00,55.2,76.80921427168872,72.85887,92.61058170390258
2024-02-28 00:00:00+01:00,54.82,63.0682925039653,59.435997,77.59747448271713
2024-02-28 01:00:00+01:00,53.02,60.77751555786363,57.705425,73.0658729248162
2024-02-28 02:00:00+01:00,49.71,61.357105600123404,58.895515,71.20346241834163
2024-02-28 03:00:00+01:00,46.62,59.841068667056206,57.424946,69.50556001008572
2024-02-28 04:00:00+01:00,43.75,61.075603949755916,58.805542,70.15585178002958
2024-02-28 05:00:00+01:00,48.0,63.466292501247,60.816505,74.06543314832481
2024-02-28 06:00:00+01:00,61.37,80.32755578107152,75.50242,99.62810101839472
2024-02-28 07:00:00+01:00,73.35,96.66761103268179,93.9008,107.73483708479567
2024-02-28 08:00:00+01:00,73.85,96.74530840195293,93.33209,110.39818049853415
2024-02-28 09:00:00+01:00,70.39,84.79269260460364,80.21992,103.08379383356508
2024-02-28 10:00:00+01:00,65.65,73.234857035327,68.31844,92.90051198327558
2024-02-28 11:00:00+01:00,66.46,64.4858835912658,59.317745,85.1584333066708
2024-02-28 12:00:00+01:00,60.0,56.054070404654354,53.548977,66.07443298640652
2024-02-28 13:00:00+01:00,57.77,53.610706506046675,49.9436,68.27913372652245
2024-02-28 14:00:00+01:00,63.68,51.14383101090994,45.89669,72.13238595054581
2024-02-28 15:00:00+01:00,65.2,55.03238137535731,49.70586,76.33845488093695
2024-02-28 16:00:00+01:00,71.62,71.21151729231329,68.54621,81.87273004677154
2024-02-28 17:00:00+01:00,80.0,88.86772344137493,88.82247,89.04873836165982
2024-02-28 18:00:00+01:00,86.26,103.69217655265209,103.25897,105.42499409138543
2024-02-28 19:00:00+01:00,80.99,91.98293395822583,89.55435,101.69723967638308
2024-02-28 20:00:00+01:00,72.77,80.35767496821504,77.27675,92.68137639747168
2024-02-28 21:00:00+01:00,67.25,76.5299954872956,74.17518,85.94925188105803
2024-02-28 22:00:00+01:00,64.9,68.49930738845109,68.886116,66.95206520153279
2024-02-28 23:00:00+01:00,60.9,63.25348447184893,63.732235,61.33847109581691
